DROP TABLE IF EXISTS gameDesc
CREATE TABLE gameDesc (
	idGame int,
	title varchar(100),
	devID int,
	pformID int,
	users int,
	critics int
)

DROP TABLE IF EXISTS developer
CREATE TABLE developer (
	idDeveloper int,
	devName varchar(100)
)

DROP TABLE IF EXISTS pform
CREATE TABLE pform (
	idPform int,
	pformName varchar(100)
)

DROP TABLE IF EXISTS genre
CREATE TABLE genre (
	idGenre int,
	genName varchar(100)
)

DROP TABLE IF EXISTS gameGenre
CREATE TABLE gameGenre (
	idGame int,
	idGenre int
)

DELETE FROM pform
INSERT INTO pform (idPform, pformName) VALUES
(1, 'Nintendo64'),
(2, 'PlayStation'),
(3, 'PlayStation3'),
(4, 'Dreamcast'),
(5, 'Xbox360'),
(6, 'Wii'),
(7, 'XboxOne'),
(8, 'Switch'),
(9, 'PlayStation2'),
(10, 'PlayStation4'),
(11, 'GameCube'),
(12, 'Xbox'),
(13, 'PC'),
(14, 'WiiU'),
(15, 'GameBoyAdvance'),
(16, '3DS'),
(17, 'DS'),
(18, 'PlayStationVita'),
(19, 'PSP'),
(20, 'XboxSeriesX'),
(21, 'PlayStation5'),
(22, 'Stadia')

DELETE FROM genre
INSERT INTO genre (idGenre, genName) VALUES
(1, 'Puzzle'),
(2, 'Action'),
(3, 'Adventure'),
(4, 'Shooter'),
(5, 'Fantasy'),
(6, 'Strategy'),
(7, 'Simulation'),
(8, 'Sci-Fi'),
(9, 'RPG'),
(10, 'Combat'),
(11, 'Sports'),
(12, 'Racing'),
(13, 'Arcade'),
(14, 'Horror'),
(15, 'MMO')

DELETE FROM developer
INSERT INTO developer(idDeveloper, devName) VALUES
(1, 'Nintendo'),
(2, 'RockstarNorth'),
(3, 'Namco'),
(4, 'NintendoEADTokyo'),
(5, 'RockstarGames'),
(6, 'RareLtd.'),
(7, 'RetroStudios'),
(8, 'DMADesign'),
(9, 'BungieSoftware'),
(10, 'VisualConcepts'),
(11, 'ValveSoftware'),
(12, 'IrrationalGames'),
(13, 'NaughtyDog'),
(14, 'Capcom'),
(15, 'RocksteadyStudios'),
(16, 'BioWare'),
(17, 'BethesdaGameStudios'),
(18, 'PolyphonyDigital'),
(19, 'KCEJ'),
(20, 'MediaMolecule'),
(21, 'RockstarSanDiego'),
(22, 'EASports'),
(23, 'Atlus'),
(24, 'MobyDickStudio'),
(25, '2DBoy'),
(26, 'IrrationalGames'),
(27, 'SquareSoft'),
(28, 'InfinityWard'),
(29, 'SCESantaMonica'),
(30, 'GREZZO'),
(31, 'MattMakesGamesInc.'),
(32, '2KMarin'),
(33, 'EATiburon'),
(34, 'EpicGames'),
(35, 'BethesdaSoftworks'),
(36, 'idSoftware'),
(37, 'BungieSoftware'),
(38, 'TeamNinja'),
(39, 'Smilebit'),
(40, 'LucasArts'),
(41, 'CriterionGames'),
(42, 'BlizzardEntertainment'),
(43, 'Aspect'),
(44, 'KojimaProductions'),
(45, 'SegaAM2'),
(46, 'CDProjektRedStudio'),
(47, 'GameArts'),
(48, 'Relic'),
(49, 'RockstarLeeds'),
(50, 'LarianStudiosGames'),
(51, 'NamcoBandaiGames'),
(52, 'SupergiantGames'),
(53, 'LarianStudiosGames'),
(54, 'NumberNoneInc.'),
(55, 'MoonStudios'),
(56, 'EASportsBig'),
(57, 'MojangAB'),
(58, 'tobyfox,8-4'),
(59, 'EACanada'),
(60, 'RockstarNorth'),
(61, 'Raster'),
(62, 'CloverStudio'),
(63, '4JStudios'),
(64, 'KCET'),
(65, 'Overworks'),
(66, 'IntelligentSystems'),
(67, 'HarmonixMusicSystems'),
(68, 'MelbourneHouse'),
(69, 'Konami'),
(70, 'Sega'),
(71, 'Nintendo'),
(72, 'NumberNoneInc.'),
(73, 'Psygnosis'),
(74, 'CapcomR'),
(75, 'PLAYDEAD')

DELETE FROM gameDesc
INSERT INTO gameDesc (idGame, title, devID, pformID, users, critics) VALUES
(1, 'The Legend of Zelda: Ocarina of Time', 71, 1, 5749, 22),
(2, 'Grand Theft Auto IV', 60, 3, 3806, 64),
(3, 'SoulCalibur', 3, 4, 324, 24),
(4, 'Grand Theft Auto IV', 60, 5, 3364, 86),
(5, 'Super Mario Galaxy', 71, 6, 3059, 73),
(6, 'Super Mario Galaxy 2', 4, 6, 2521, 87),
(7, 'Red Dead Redemption 2', 5, 7, 3186, 33),
(8, 'Grand Theft Auto V', 60, 7, 1285, 14),
(9, 'Grand Theft Auto V', 60, 3, 4568, 50),
(10, 'Grand Theft Auto V', 60, 5, 3905, 58),
(11, 'The Legend of Zelda: Breath of the Wild', 71, 8, 15873, 109),
(12, 'Perfect Dark', 6, 1, 420, 30),
(13, 'Red Dead Redemption 2', 5, 10, 14315, 99),
(14, 'Grand Theft Auto V', 60, 10, 5899, 66),
(15, 'Metroid Prime', 7, 11, 1113, 70),
(16, 'Grand Theft Auto III', 8, 9, 881, 56),
(17, 'Super Mario Odyssey', 71, 8, 5546, 113),
(18, 'Halo: Combat Evolved', 37, 12, 2052, 68),
(19, 'NFL 2K1', 10, 4, 67, 22),
(20, 'Half-Life 2', 11, 13, 10773, 81),
(21, 'Grand Theft Auto V', 60, 13, 6661, 57),
(22, 'The Legend of Zelda: Breath of the Wild', 71, 14, 2245, 13),
(23, 'BioShock', 0, 5, 2572, 88),
(24, 'GoldenEye 007', 6, 1, 668, 21),
(25, 'Uncharted 2: Among Thieves', 13, 3, 6716, 105),
(26, 'Resident Evil 4', 14, 11, 1596, 82),
(27, 'The Orange Box', 11, 5, 879, 54),
(28, 'The Orange Box', 11, 13, 1804, 34),
(29, 'Batman: Arkham City', 15, 3, 2773, 42),
(30, 'Tekken 3', 3, 2, 660, 15),
(31, 'Mass Effect 2', 16, 5, 3503, 98),
(32, 'The Legend of Zelda: Twilight Princess', 71, 11, 823, 16),
(33, 'The Elder Scrolls V: Skyrim', 17, 5, 3954, 89),
(34, 'Half-Life', 11, 13, 4321, 24),
(35, 'Resident Evil 4', 14, 9, 1628, 38),
(36, 'The Legend of Zelda: The Wind Waker', 71, 11, 1370, 80),
(37, 'Gran Turismo', 18, 2, 269, 16),
(38, 'BioShock', 26, 13, 4814, 44),
(39, 'Metal Gear Solid 2: Sons of Liberty', 19, 9, 1545, 42),
(40, 'Grand Theft Auto Double Pack', 60, 12, 91, 33),
(41, 'Grand Theft Auto: San Andreas', 60, 9, 2444, 80),
(42, 'Grand Theft Auto: Vice City', 60, 9, 1092, 62),
(43, 'LittleBigPlanet', 20, 3, 5533, 85),
(44, 'Red Dead Redemption', 21, 3, 3371, 73),
(45, 'Gran Turismo 3: A-Spec', 18, 9, 386, 54),
(46, 'Halo 2', 37, 12, 1656, 91),
(47, 'The Legend of Zelda: A Link to the Past', 14, 15, 524, 30),
(48, 'The Last of Us', 13, 3, 11982, 98),
(49, 'The Legend of Zelda: Twilight Princess', 71, 6, 2060, 73),
(50, 'Madden NFL 2003', 22, 9, 66, 25),
(51, 'Persona 5 Royal', 23, 10, 2593, 71),
(52, 'The Last of Us Remastered', 13, 10, 14563, 70),
(53, 'Portal 2', 11, 13, 7482, 52),
(54, 'Red Dead Redemption', 21, 5, 2847, 96),
(55, 'Portal 2', 11, 5, 1073, 66),
(56, 'Metal Gear Solid V: The Phantom Pain', 24, 7, 1173, 10),
(57, 'Portal 2', 11, 3, 1030, 54),
(58, 'World of Goo', 25, 6, 378, 21),
(59, 'The Elder Scrolls V: Skyrim', 17, 13, 11301, 32),
(60, 'BioShock Infinite', 26, 3, 2207, 27),
(61, 'Final Fantasy IX', 27, 2, 1280, 22),
(62, 'Call of Duty: Modern Warfare 2', 28, 3, 2362, 67),
(63, 'God of War', 29, 10, 16298, 118),
(64, 'Devil May Cry', 14, 9, 790, 37),
(65, 'Call of Duty 4: Modern Warfare', 28, 3, 1170, 44),
(66, 'Madden NFL 2002', 22, 9, 49, 23),
(67, 'Batman: Arkham City', 15, 5, 1682, 87),
(68, 'Mass Effect 2', 16, 13, 4972, 55),
(69, 'The Legend of Zelda: Ocarina of Time 3D', 30, 16, 1625, 85),
(70, 'Chrono Cross', 27, 2, 412, 16),
(71, 'Celeste', 31, 7, 268, 10),
(72, 'BioShock', 32, 3, 1136, 51),
(73, 'Mass Effect 2', 16, 3, 1243, 62),
(74, 'Grand Theft Auto: Vice City', 60, 13, 2435, 30),
(75, 'Madden NFL 2004', 33, 9, 147, 29),
(76, 'Gears of War', 34, 5, 2653, 88),
(77, 'The Elder Scrolls IV: Oblivion', 35, 5, 1257, 90),
(78, 'Quake', 36, 13, 813, 9),
(79, 'Call of Duty 4: Modern Warfare', 28, 5, 1467, 70),
(80, 'BioShock Infinite', 26, 13, 8729, 68),
(81, 'Halo 3', 37, 5, 4729, 86),
(82, 'Ninja Gaiden Black', 38, 12, 177, 32),
(83, 'The Elder Scrolls IV: Oblivion', 35, 13, 3069, 54),
(84, 'Street Fighter IV', 14, 3, 391, 61),
(85, 'Super Mario Advance 4: Super Mario Bros. 3', 71, 15, 203, 25),
(86, 'Jet Grind Radio', 39, 4, 89, 24),
(87, 'Metal Gear Solid', 19, 2, 1584, 20),
(88, 'Grim Fandango', 40, 13, 685, 15),
(89, 'Burnout 3: Takedown', 41, 12, 182, 76),
(90, 'Diablo', 42, 13, 1161, 12),
(91, 'Metal Gear Solid 3: Subsistence', 43, 9, 657, 53),
(92, 'Call of Duty: Modern Warfare 2', 28, 5, 2957, 100),
(93, 'Metal Gear Solid 4: Guns of the Patriots', 44, 3, 4088, 82),
(94, 'NCAA Football 2004', 22, 9, 86, 15),
(95, 'God of War', 29, 9, 1679, 75),
(96, 'Star Wars: Knights of the Old Republic', 16, 12, 409, 72),
(97, 'Madden NFL 2004', 33, 11, 25, 19),
(98, 'Virtua Fighter 4', 45, 9, 95, 36),
(99, 'Super Mario 64', 71, 1, 1274, 13),
(100, 'The Witcher 3: Wild Hunt', 46, 13, 17537, 32),
(101, 'Burnout 3: Takedown', 41, 9, 385, 52),
(102, 'Super Smash Bros. Brawl', 47, 6, 2022, 81),
(103, 'Company of Heroes', 48, 13, 1336, 55),
(104, 'Gran Turismo 2', 18, 2, 246, 23),
(105, 'The Last of Us Part II', 13, 10, 146262, 121),
(106, 'Grand Theft Auto: Chinatown Wars', 49, 17, 334, 85),
(107, 'Divinity: Original Sin II - Definitive Edition', 53, 8, 279, 17),
(108, 'Pac-Man Championship Edition DX', 51, 5, 140, 43),
(109, 'Street Fighter Alpha 3', 14, 2, 88, 12),
(110, 'Hades', 52, 8, 210, 42),
(111, 'Half-Life: Alyx', 11, 13, 2104, 68),
(112, 'Divinity: Original Sin II', 53, 13, 1946, 72),
(113, 'Unreal Tournament 2004', 34, 13, 719, 48),
(114, 'BioShock Infinite', 26, 5, 1814, 33),
(115, 'Braid', 72, 5, 464, 57),
(116, 'God of War II', 29, 9, 1215, 70),
(117, 'Super Mario 3D World', 71, 14, 2001, 83),
(118, 'Ori and the Will of the Wisps', 55, 8, 145, 20),
(119, 'Starcraft II: Wings of Liberty', 42, 13, 3477, 82),
(120, 'SSX', 56, 9, 55, 35),
(121, 'Street Fighter IV', 14, 5, 322, 77),
(122, 'Minecraft', 57, 13, 5818, 33),
(123, 'Undertale', 58, 8, 353, 8),
(124, 'Persona 4 Golden', 23, 18, 1700, 61),
(125, 'Persona 5', 23, 10, 4717, 98),
(126, 'Red Dead Redemption 2', 5, 13, 3546, 44),
(127, 'SSX 3', 59, 9, 178, 41),
(128, 'Grand Theft Auto III', 8, 13, 1254, 20),
(129, 'Quake III Arena', 61, 4, 75, 25),
(130, 'Homeworld', 48, 13, 383, 20),
(131, 'Okami', 62, 9, 470, 69),
(132, 'The Elder Scrolls IV: Oblivion', 63, 3, 672, 45),
(133, 'Fallout 3', 17, 5, 1855, 84),
(134, 'Gears of War 2', 34, 5, 3060, 90),
(135, 'SoulCalibur II', 3, 11, 185, 45),
(136, 'World Soccer Winning Eleven 6 International', 64, 9, 78, 24),
(137, 'NFL 2K3', 10, 9, 26, 20),
(138, 'Mass Effect 3', 16, 5, 3740, 74),
(139, 'Metal Gear Solid V: The Phantom Pain', 44, 10, 5583, 86),
(140, 'Skies of Arcadia', 65, 4, 125, 21),
(141, 'The Legend of Zelda: Skyward Sword', 71, 6, 2401, 81),
(142, 'Mario Kart Super Circuit', 66, 15, 190, 24),
(143, 'Rock Band 3', 67, 5, 148, 57),
(144, 'Viewtiful Joe', 62, 11, 138, 52),
(145, 'Test Drive Le Mans', 68, 4, 21, 18),
(146, 'NBA 2K1', 10, 4, 19, 19),
(147, 'Castlevania: Symphony of the Night', 69, 2, 664, 12),
(148, 'Star Wars: Knights of the Old Republic', 16, 13, 2007, 33),
(149, 'Virtua Fighter 4: Evolution', 70, 9, 65, 30),
(150, 'Super Smash Bros. Ultimate', 71, 8, 2819, 99),
(151, 'Braid', 0, 3, 234, 20),
(152, 'Mass Effect 3', 16, 3, 1942, 30),
(153, 'Paper Mario', 66, 1, 420, 15),
(154, 'Wipeout XL', 73, 2, 40, 8),
(155, 'Grand Theft Auto: San Andreas', 60, 12, 165, 58),
(156, 'Resident Evil 2', 0, 7, 896, 27),
(157, 'INSIDE', 75, 7, 662, 87),
(158, 'World of Warcraft', 42, 13, 2934, 57),
(159, 'Grand Theft Auto: San Andreas', 60, 13, 3074, 47),
(160, 'Flipnote Studio', 71, 17, 62, 7),
(161, 'World Soccer Winning Eleven 7 International', 64, 9, 57, 28),
(162, 'NBA 2K2', 10, 4, 22, 12),
(163, 'SoulCalibur II', 3, 9, 161, 41),
(164, 'The Elder Scrolls V: Skyrim', 17, 3, 2704, 16),
(165, 'Hades', 52, 13, 335, 50),
(166, 'Prince of Persia: The Sands of Time', 0, 12, 87, 41),
(167, 'Call of Duty 4: Modern Warfare', 28, 13, 3197, 40),
(168, 'Forza Horizon 4', 0, 7, 1323, 88),
(169, 'God of War III', 29, 3, 3304, 101),
(170, 'Divinity: Original Sin II - Definitive Edition', 53, 7, 129, 12),
(171, 'NFL 2K3', 10, 11, 13, 24),
(172, 'SSX Tricky', 59, 9, 100, 33),
(173, 'NHL 2002', 22, 9, 26, 22),
(174, 'Guitar Hero II', 67, 5, 236, 55),
(175, 'Prince of Persia: The Sands of Time', 500, 9, 327, 44),
(176, 'Rock Band', 67, 5, 187, 72),
(177, 'Journey', 500, 10, 2233, 45),
(178, 'Bloodborne', 500, 10, 10394, 100),
(179, 'Warcraft III: Reign of Chaos', 42, 13, 2041, 40),
(180, 'SSX 3', 59, 11, 54, 27),
(181, 'The Sims', 500, 13, 665, 38),
(182, 'Banjo-Kazooie', 6, 1, 472, 19),
(183, 'Celeste', 31, 8, 835, 36),
(184, 'Rock Band 2', 67, 6, 50, 10),
(185, 'Forza Motorsport', 500, 12, 235, 73),
(186, 'Madden NFL 2004', 33, 12, 52, 27),
(187, 'Super Street Fighter IV', 14, 3, 221, 58),
(188, 'World Soccer Winning Eleven 7 International', 64, 13, 80, 7),
(189, 'Advance Wars', 66, 15, 134, 28),
(190, 'Vagrant Story', 27, 2, 206, 19),
(191, 'What Remains of Edith Finch', 0, 7, 203, 12),
(192, 'Team Fortress 2', 11, 13, 6724, 17),
(193, 'System Shock 2', 500, 13, 638, 20),
(194, 'Final Fantasy XII', 0, 9, 1432, 64),
(195, 'Undertale', 58, 10, 755, 18),
(196, 'Madden NFL 2003', 22, 11, 18, 13),
(197, 'The Witcher 3: Wild Hunt', 46, 10, 15749, 79),
(198, 'Super Mario World: Super Mario Advance 2', 71, 15, 185, 28),
(199, 'ESPN NFL 2K5', 10, 12, 126, 42),
(200, 'Super Smash Bros. Melee', 500, 11, 866, 38),
(201, 'Madden NFL 2003', 33, 12, 18, 16),
(202, 'Virtua Tennis', 500, 4, 8, 23),
(203, 'Rome: Total War', 0, 13, 1340, 58),
(204, 'Forza Motorsport 3', 500, 5, 551, 90),
(205, 'Okami HD', 14, 13, 192, 10),
(206, 'Undertale', 0, 13, 4446, 43),
(207, 'Batman: Arkham Asylum', 15, 5, 1253, 78),
(208, 'Super Mario Sunshine', 71, 11, 756, 61),
(209, 'SSX 3', 59, 12, 29, 27),
(210, 'SoulCalibur II', 3, 12, 63, 39),
(211, 'Thief: The Dark Project', 500, 13, 397, 18),
(212, 'Fire Emblem: Awakening', 66, 16, 1473, 72),
(213, 'Age of Empires II: The Age of Kings', 0, 13, 1165, 21),
(214, 'Final Fantasy X', 27, 9, 1673, 53),
(215, 'Prince of Persia: The Sands of Time', 500, 11, 63, 33),
(216, 'The Walking Dead: A Telltale Games Series', 500, 5, 1224, 12),
(217, 'Unreal Tournament (1999)', 34, 13, 601, 21),
(218, 'Wave Race 64', 71, 1, 104, 13),
(219, 'Divinity: Original Sin II - Definitive Edition', 53, 10, 393, 46),
(220, 'Galactic Civilizations II: Twilight of the Arnor', 0, 13, 138, 19),
(221, 'Super Smash Bros. for Wii U', 0, 14, 2035, 77),
(222, 'Guitar Hero II', 67, 9, 146, 69),
(223, 'Final Fantasy VII', 27, 2, 2118, 20),
(224, 'Rock Band', 67, 3, 124, 35),
(225, 'Chrono Trigger', 500, 17, 653, 57),
(226, 'Bayonetta 2', 500, 8, 442, 31),
(227, 'Journey', 500, 3, 1517, 78),
(228, 'Xenoblade Chronicles', 0, 6, 1337, 59),
(229, 'Medal of Honor', 0, 2, 156, 17),
(230, 'PaRappa the Rapper', 0, 2, 79, 15),
(231, 'Rock Band 2', 67, 5, 164, 69),
(232, 'Mario Kart 8 Deluxe', 71, 8, 1952, 95),
(233, 'The ICO & Shadow of the Colossus Collection', 500, 3, 658, 58),
(234, 'Rayman Origins', 500, 6, 172, 13),
(235, 'Metroid Prime 2: Echoes', 7, 11, 387, 60),
(236, 'Out of the Park Baseball 17', 0, 13, 237, 8),
(237, 'Metroid Fusion', 71, 15, 313, 44),
(238, 'The Witcher 3: Wild Hunt - Blood and Wine', 46, 13, 3088, 50),
(239, 'Final Fantasy VI Advance', 0, 15, 412, 25),
(240, 'Rayman Legends', 0, 14, 539, 35)

DELETE FROM gameGenre
INSERT INTO gameGenre (idGame, idGenre) VALUES
(1, 2),
(1, 3),
(1, 5),
(2, 2),
(2, 3),
(3, 2),
(4, 2),
(4, 3),
(5, 2),
(6, 2),
(7, 2),
(7, 3),
(8, 2),
(9, 2),
(10, 2),
(11, 2),
(11, 3),
(12, 2),
(12, 4),
(12, 8),
(13, 2),
(13, 3),
(14, 2),
(14, 3),
(15, 2),
(15, 3),
(15, 4),
(15, 8),
(18, 2),
(18, 4),
(18, 8),
(19, 11),
(26, 2),
(26, 3),
(26, 14),
(30, 2),
(30, 9),
(31, 9),
(33, 9),
(34, 2),
(34, 4),
(34, 8),
(34, 13),
(35, 2),
(35, 14),
(37, 12),
(45, 12),
(50, 7),
(50, 11),
(58, 1),
(58, 2),
(61, 9),
(62, 2),
(62, 4),
(62, 13),
(66, 7),
(66, 11),
(70, 9),
(92, 2),
(92, 4),
(92, 13),
(94, 11),
(94, 7),
(98, 2),
(98, 10),
(103, 6),
(130, 6),
(130, 8),
(162, 11),
(162, 7),
(238, 2),
(238, 9)